,Year,Quarter,LGA,Total TB Cases,Date,PTB Cases,EPTB Cases,Cluster,Distance,Year_Quarter
0,2019,1,Birnin gwari,25.0,2019-01-01,25,0,1,0.0668947697,2019 Q1
1,2019,2,Birnin gwari,19.0,2019-04-01,19,0,1,0.0971839797,2019 Q2
2,2019,3,Birnin gwari,14.0,2019-07-01,14,0,1,0.1272961525,2019 Q3
3,2019,4,Birnin gwari,10.0,2019-10-01,10,0,1,0.1545742895,2019 Q4
4,2019,1,Chikun,75.0,2019-01-01,70,5,1,0.9778476518,2019 Q1
5,2019,2,Chikun,75.0,2019-04-01,70,5,1,0.9778476518,2019 Q2
6,2019,3,Chikun,73.0,2019-07-01,70,3,1,0.3323422195,2019 Q3
7,2019,4,Chikun,75.0,2019-10-01,73,2,1,0.1570555377,2019 Q4
8,2019,1,Giwa,38.0,2019-01-01,33,5,1,0.955073575,2019 Q1
9,2019,2,Giwa,51.0,2019-04-01,50,1,1,0.0135074865,2019 Q2
10,2019,3,Giwa,46.0,2019-07-01,41,5,1,0.9394502419,2019 Q3
11,2019,4,Giwa,46.0,2019-10-01,39,7,1,1.9444450456,2019 Q4
12,2019,1,Igabi,70.0,2019-01-01,66,4,1,0.5960325715,2019 Q1
13,2019,2,Igabi,40.0,2019-04-01,39,1,1,0.0242329941,2019 Q2
14,2019,3,Igabi,66.0,2019-07-01,65,1,1,0.0334227795,2019 Q3
15,2019,4,Igabi,76.0,2019-10-01,75,1,1,0.0688412986,2019 Q4
16,2019,1,Ikara,13.0,2019-01-01,13,0,1,0.1338499869,2019 Q1
17,2019,2,Ikara,20.0,2019-04-01,20,0,1,0.0916929449,2019 Q2
18,2019,3,Ikara,18.0,2019-07-01,18,0,1,0.1028521477,2019 Q3
19,2019,4,Ikara,22.0,2019-10-01,20,2,1,0.1853110247,2019 Q4
20,2019,1,Jaba,20.0,2019-01-01,20,0,1,0.0916929449,2019 Q1
21,2019,2,Jaba,22.0,2019-04-01,22,0,1,0.081242275,2019 Q2
22,2019,3,Jaba,12.0,2019-07-01,12,0,1,0.1405809545,2019 Q3
23,2019,4,Jaba,15.0,2019-10-01,15,0,1,0.1209194515,2019 Q4
24,2019,1,Jema'a,51.0,2019-01-01,51,0,1,0.0093289615,2019 Q1
25,2019,2,Jema'a,38.0,2019-04-01,37,1,1,0.0284858187,2019 Q2
26,2019,3,Jema'a,58.0,2019-07-01,57,1,1,0.0178415587,2019 Q3
27,2019,4,Jema'a,43.0,2019-10-01,43,0,1,0.0142879234,2019 Q4
28,2019,1,Kachia,43.0,2019-01-01,43,0,1,0.0142879234,2019 Q1
29,2019,2,Kachia,44.0,2019-04-01,44,0,1,0.0130480867,2019 Q2
30,2019,3,Kachia,82.0,2019-07-01,82,0,1,0.0971900382,2019 Q3
31,2019,4,Kachia,79.0,2019-10-01,79,0,1,0.0812477565,2019 Q4
32,2019,1,Kaduna north,153.0,2019-01-01,144,9,4,1.5110132334,2019 Q1
33,2019,2,Kaduna north,179.0,2019-04-01,152,27,4,7.6039487103,2019 Q2
34,2019,3,Kaduna north,181.0,2019-07-01,157,24,4,4.5029114151,2019 Q3
35,2019,4,Kaduna north,176.0,2019-10-01,165,11,4,0.5718881917,2019 Q4
36,2019,1,Kaduna south,158.0,2019-01-01,152,6,1,2.3582741078,2019 Q1
37,2019,2,Kaduna south,199.0,2019-04-01,189,10,4,0.8004362299,2019 Q2
38,2019,3,Kaduna south,188.0,2019-07-01,181,7,4,2.3684085389,2019 Q3
39,2019,4,Kaduna south,184.0,2019-10-01,175,9,4,1.2747351937,2019 Q4
40,2019,1,Kagarko,18.0,2019-01-01,18,0,1,0.1028521477,2019 Q1
41,2019,2,Kagarko,23.0,2019-04-01,23,0,1,0.07628264,2019 Q2
42,2019,3,Kagarko,11.0,2019-07-01,9,2,1,0.2535262776,2019 Q3
43,2019,4,Kagarko,16.0,2019-10-01,16,0,1,0.1147198836,2019 Q4
44,2019,1,Kajuru,10.0,2019-01-01,10,0,1,0.1545742895,2019 Q1
45,2019,2,Kajuru,10.0,2019-04-01,10,0,1,0.1545742895,2019 Q2
46,2019,3,Kajuru,20.0,2019-07-01,20,0,1,0.0916929449,2019 Q3
47,2019,4,Kajuru,21.0,2019-10-01,21,0,1,0.0863790433,2019 Q4
48,2019,1,Kaura,31.0,2019-01-01,31,0,1,0.042982357,2019 Q1
49,2019,2,Kaura,14.0,2019-04-01,14,0,1,0.1272961525,2019 Q2
50,2019,3,Kaura,18.0,2019-07-01,18,0,1,0.1028521477,2019 Q3
51,2019,4,Kaura,22.0,2019-10-01,21,1,1,0.0880156047,2019 Q4
52,2019,1,Kauru,12.0,2019-01-01,12,0,1,0.1405809545,2019 Q1
53,2019,2,Kauru,13.0,2019-04-01,13,0,1,0.1338499869,2019 Q2
54,2019,3,Kauru,22.0,2019-07-01,22,0,1,0.081242275,2019 Q3
55,2019,4,Kauru,19.0,2019-10-01,18,1,1,0.1042257374,2019 Q4
56,2019,1,Kubau,15.0,2019-01-01,15,0,1,0.1209194515,2019 Q1
57,2019,2,Kubau,19.0,2019-04-01,19,0,1,0.0971839797,2019 Q2
58,2019,3,Kubau,17.0,2019-07-01,17,0,1,0.108697449,2019 Q3
59,2019,4,Kubau,20.0,2019-10-01,20,0,1,0.0916929449,2019 Q4
60,2019,1,Kudan,13.0,2019-01-01,13,0,1,0.1338499869,2019 Q1
61,2019,2,Kudan,11.0,2019-04-01,11,0,1,0.1474890554,2019 Q2
62,2019,3,Kudan,12.0,2019-07-01,12,0,1,0.1405809545,2019 Q3
63,2019,4,Kudan,23.0,2019-10-01,23,0,1,0.07628264,2019 Q4
64,2019,1,Lere,30.0,2019-01-01,29,1,1,0.0525824475,2019 Q1
65,2019,2,Lere,25.0,2019-04-01,24,1,1,0.0733996713,2019 Q2
66,2019,3,Lere,24.0,2019-07-01,23,1,1,0.0780945159,2019 Q3
67,2019,4,Lere,27.0,2019-10-01,26,1,1,0.064541382,2019 Q4
68,2019,1,Makarfi,24.0,2019-01-01,23,1,1,0.0780945159,2019 Q1
69,2019,2,Makarfi,30.0,2019-04-01,29,1,1,0.0525824475,2019 Q2
70,2019,3,Makarfi,34.0,2019-07-01,34,0,1,0.0334174496,2019 Q3
71,2019,4,Makarfi,43.0,2019-10-01,43,0,1,0.0142879234,2019 Q4
72,2019,1,Sabon gari,34.0,2019-01-01,34,0,1,0.0334174496,2019 Q1
73,2019,2,Sabon gari,47.0,2019-04-01,45,2,1,0.1099863248,2019 Q2
74,2019,3,Sabon gari,61.0,2019-07-01,60,1,1,0.022356017,2019 Q3
75,2019,4,Sabon gari,91.0,2019-10-01,91,0,1,0.154582079,2019 Q4
76,2019,1,Sanga,30.0,2019-01-01,30,0,1,0.046524926,2019 Q1
77,2019,2,Sanga,26.0,2019-04-01,26,0,1,0.0624665345,2019 Q2
78,2019,3,Sanga,40.0,2019-07-01,40,0,1,0.0190702328,2019 Q3
79,2019,4,Sanga,29.0,2019-10-01,29,0,1,0.0502446282,2019 Q4
80,2019,1,Soba,12.0,2019-01-01,12,0,1,0.1405809545,2019 Q1
81,2019,2,Soba,9.0,2019-04-01,9,0,1,0.1618366568,2019 Q2
82,2019,3,Soba,17.0,2019-07-01,17,0,1,0.108697449,2019 Q3
83,2019,4,Soba,17.0,2019-10-01,17,0,1,0.108697449,2019 Q4
84,2019,1,Zangon kataf,23.0,2019-01-01,22,1,1,0.0829664937,2019 Q1
85,2019,2,Zangon kataf,34.0,2019-04-01,34,0,1,0.0334174496,2019 Q2
86,2019,3,Zangon kataf,27.0,2019-07-01,22,5,1,0.9950660834,2019 Q3
87,2019,4,Zangon kataf,25.0,2019-10-01,25,0,1,0.0668947697,2019 Q4
88,2019,1,Zaria,93.0,2019-01-01,74,19,4,2.4094194711,2019 Q1
89,2019,2,Zaria,101.0,2019-04-01,91,10,4,1.8772909555,2019 Q2
90,2019,3,Zaria,118.0,2019-07-01,101,17,4,1.2063118354,2019 Q3
91,2019,4,Zaria,126.0,2019-10-01,103,23,4,4.2893078854,2019 Q4
92,2020,1,Birnin gwari,13.0,2020-01-01,13,0,1,0.1338499869,2020 Q1
93,2020,2,Birnin gwari,14.0,2020-04-01,14,0,1,0.1272961525,2020 Q2
94,2020,3,Birnin gwari,23.0,2020-07-01,23,0,1,0.07628264,2020 Q3
95,2020,4,Birnin gwari,46.0,2020-10-01,46,0,1,0.0110998132,2020 Q4
96,2020,1,Chikun,81.0,2020-01-01,81,0,1,0.091698811,2020 Q1
97,2020,2,Chikun,62.0,2020-04-01,61,1,1,0.024215103,2020 Q2
98,2020,3,Chikun,68.0,2020-07-01,67,1,1,0.0390894172,2020 Q3
99,2020,4,Chikun,66.0,2020-10-01,66,0,1,0.0305863948,2020 Q4
100,2020,1,Giwa,66.0,2020-01-01,60,6,1,1.4054360573,2020 Q1
101,2020,2,Giwa,33.0,2020-04-01,27,6,1,1.4289945341,2020 Q2
102,2020,3,Giwa,53.0,2020-07-01,39,14,4,2.2985524234,2020 Q3
103,2020,4,Giwa,58.0,2020-10-01,44,14,4,2.1581258713,2020 Q4
104,2020,1,Igabi,60.0,2020-01-01,60,0,1,0.0173008236,2020 Q1
105,2020,2,Igabi,43.0,2020-04-01,41,2,1,0.11459868,2020 Q2
106,2020,3,Igabi,70.0,2020-07-01,70,0,1,0.0429861075,2020 Q3
107,2020,4,Igabi,99.0,2020-10-01,99,0,1,0.2176422878,2020 Q4
108,2020,1,Ikara,17.0,2020-01-01,16,1,1,0.1159181589,2020 Q1
109,2020,2,Ikara,19.0,2020-04-01,19,0,1,0.0971839797,2020 Q2
110,2020,3,Ikara,14.0,2020-07-01,14,0,1,0.1272961525,2020 Q3
111,2020,4,Ikara,31.0,2020-10-01,31,0,1,0.042982357,2020 Q4
112,2020,1,Jaba,15.0,2020-01-01,15,0,1,0.1209194515,2020 Q1
113,2020,2,Jaba,13.0,2020-04-01,13,0,1,0.1338499869,2020 Q2
114,2020,3,Jaba,10.0,2020-07-01,10,0,1,0.1545742895,2020 Q3
115,2020,4,Jaba,13.0,2020-10-01,13,0,1,0.1338499869,2020 Q4
116,2020,1,Jema'a,46.0,2020-01-01,45,1,1,0.0157257183,2020 Q1
117,2020,2,Jema'a,39.0,2020-04-01,37,2,1,0.1220451673,2020 Q2
118,2020,3,Jema'a,48.0,2020-07-01,48,0,1,0.0098600728,2020 Q3
119,2020,4,Jema'a,57.0,2020-10-01,57,0,1,0.0130493369,2020 Q4
120,2020,1,Kachia,148.0,2020-01-01,146,2,1,0.9327734521,2020 Q1
121,2020,2,Kachia,127.0,2020-04-01,127,0,1,0.5276281804,2020 Q2
122,2020,3,Kachia,141.0,2020-07-01,140,1,1,0.730823987,2020 Q3
123,2020,4,Kachia,167.0,2020-10-01,167,0,1,1.2113663994,2020 Q4
124,2020,1,Kaduna north,178.0,2020-01-01,165,13,4,0.1735025454,2020 Q1
125,2020,2,Kaduna north,190.0,2020-04-01,184,6,3,2.4246265642,2020 Q2
126,2020,3,Kaduna north,256.0,2020-07-01,251,5,3,0.9375500589,2020 Q3
127,2020,4,Kaduna north,335.0,2020-10-01,321,14,4,1.2967885073,2020 Q4
128,2020,1,Kaduna south,233.0,2020-01-01,224,9,4,1.2484446375,2020 Q1
129,2020,2,Kaduna south,208.0,2020-04-01,192,16,4,0.1564721394,2020 Q2
130,2020,3,Kaduna south,219.0,2020-07-01,211,8,4,1.7259520417,2020 Q3
131,2020,4,Kaduna south,239.0,2020-10-01,235,4,3,0.8533089348,2020 Q4
132,2020,1,Kagarko,13.0,2020-01-01,13,0,1,0.1338499869,2020 Q1
133,2020,2,Kagarko,17.0,2020-04-01,14,3,1,0.4019258494,2020 Q2
134,2020,3,Kagarko,13.0,2020-07-01,12,1,1,0.1414286008,2020 Q3
135,2020,4,Kagarko,26.0,2020-10-01,26,0,1,0.0624665345,2020 Q4
136,2020,1,Kajuru,18.0,2020-01-01,18,0,1,0.1028521477,2020 Q1
137,2020,2,Kajuru,21.0,2020-04-01,21,0,1,0.0863790433,2020 Q2
138,2020,3,Kajuru,23.0,2020-07-01,23,0,1,0.07628264,2020 Q3
139,2020,4,Kajuru,29.0,2020-10-01,29,0,1,0.0502446282,2020 Q4
140,2020,1,Kaura,19.0,2020-01-01,19,0,1,0.0971839797,2020 Q1
141,2020,2,Kaura,20.0,2020-04-01,20,0,1,0.0916929449,2020 Q2
142,2020,3,Kaura,18.0,2020-07-01,18,0,1,0.1028521477,2020 Q3
143,2020,4,Kaura,20.0,2020-10-01,20,0,1,0.0916929449,2020 Q4
144,2020,1,Kauru,20.0,2020-01-01,20,0,1,0.0916929449,2020 Q1
145,2020,2,Kauru,22.0,2020-04-01,22,0,1,0.081242275,2020 Q2
146,2020,3,Kauru,32.0,2020-07-01,32,0,1,0.0396169213,2020 Q3
147,2020,4,Kauru,78.0,2020-10-01,78,0,1,0.0762879292,2020 Q4
148,2020,1,Kubau,17.0,2020-01-01,16,1,1,0.1159181589,2020 Q1
149,2020,2,Kubau,21.0,2020-04-01,21,0,1,0.0863790433,2020 Q2
150,2020,3,Kubau,29.0,2020-07-01,29,0,1,0.0502446282,2020 Q3
151,2020,4,Kubau,33.0,2020-10-01,33,0,1,0.0364286188,2020 Q4
152,2020,1,Kudan,19.0,2020-01-01,18,1,1,0.1042257374,2020 Q1
153,2020,2,Kudan,10.0,2020-04-01,10,0,1,0.1545742895,2020 Q2
154,2020,3,Kudan,22.0,2020-07-01,22,0,1,0.081242275,2020 Q3
155,2020,4,Kudan,29.0,2020-10-01,29,0,1,0.0502446282,2020 Q4
156,2020,1,Lere,32.0,2020-01-01,32,0,1,0.0396169213,2020 Q1
157,2020,2,Lere,28.0,2020-04-01,28,0,1,0.0541414637,2020 Q2
158,2020,3,Lere,30.0,2020-07-01,30,0,1,0.046524926,2020 Q3
159,2020,4,Lere,48.0,2020-10-01,47,1,1,0.0143070258,2020 Q4
160,2020,1,Makarfi,34.0,2020-01-01,34,0,1,0.0334174496,2020 Q1
161,2020,2,Makarfi,35.0,2020-04-01,34,1,1,0.036193555,2020 Q2
162,2020,3,Makarfi,35.0,2020-07-01,35,0,1,0.0305834137,2020 Q3
163,2020,4,Makarfi,60.0,2020-10-01,60,0,1,0.0173008236,2020 Q4
164,2020,1,Sabon gari,45.0,2020-01-01,45,0,1,0.0119853833,2020 Q1
165,2020,2,Sabon gari,70.0,2020-04-01,70,0,1,0.0429861075,2020 Q2
166,2020,3,Sabon gari,79.0,2020-07-01,79,0,1,0.0812477565,2020 Q3
167,2020,4,Sabon gari,87.0,2020-10-01,87,0,1,0.1273031727,2020 Q4
168,2020,1,Sanga,31.0,2020-01-01,31,0,1,0.042982357,2020 Q1
169,2020,2,Sanga,21.0,2020-04-01,20,1,1,0.093241849,2020 Q2
170,2020,3,Sanga,33.0,2020-07-01,32,1,1,0.0422177122,2020 Q3
171,2020,4,Sanga,21.0,2020-10-01,20,1,1,0.093241849,2020 Q4
172,2020,1,Soba,17.0,2020-01-01,17,0,1,0.108697449,2020 Q1
173,2020,2,Soba,21.0,2020-04-01,19,2,1,0.1906267451,2020 Q2
174,2020,3,Soba,38.0,2020-07-01,38,0,1,0.0231441054,2020 Q3
175,2020,4,Soba,51.0,2020-10-01,51,0,1,0.0093289615,2020 Q4
176,2020,1,Zangon kataf,34.0,2020-01-01,34,0,1,0.0334174496,2020 Q1
177,2020,2,Zangon kataf,31.0,2020-04-01,15,16,4,3.1526810598,2020 Q2
178,2020,3,Zangon kataf,41.0,2020-07-01,41,0,1,0.0172989964,2020 Q3
179,2020,4,Zangon kataf,50.0,2020-10-01,50,0,1,0.0093288653,2020 Q4
180,2020,1,Zaria,133.0,2020-01-01,119,14,4,0.5831273612,2020 Q1
181,2020,2,Zaria,158.0,2020-04-01,148,10,4,1.0439768736,2020 Q2
182,2020,3,Zaria,198.0,2020-07-01,190,8,4,1.7353404264,2020 Q3
183,2020,4,Zaria,230.0,2020-10-01,219,11,4,0.4806429377,2020 Q4
184,2021,1,BIRIN GWARI,29.0,2021-01-01,29,0,1,0.0502446282,2021 Q1
185,2021,2,BIRIN GWARI,75.0,2021-04-01,75,0,1,0.0624712466,2021 Q2
186,2021,3,BIRIN GWARI,50.0,2021-07-01,50,0,1,0.0093288653,2021 Q3
187,2021,4,BIRIN GWARI,105.0,2021-10-01,105,0,1,0.2723770412,2021 Q4
188,2021,1,CHIKUN,95.0,2021-01-01,91,4,1,0.7287939789,2021 Q1
189,2021,2,CHIKUN,123.0,2021-04-01,123,0,1,0.4748420851,2021 Q2
190,2021,3,CHIKUN,147.0,2021-07-01,146,1,1,0.8296594651,2021 Q3
191,2021,4,CHIKUN,339.0,2021-10-01,337,2,3,0.0691628596,2021 Q4
192,2021,1,GIWA,71.0,2021-01-01,59,12,4,1.9993446403,2021 Q1
193,2021,2,GIWA,136.0,2021-04-01,127,9,4,1.7128554305,2021 Q2
194,2021,3,GIWA,233.0,2021-07-01,222,11,4,0.4907186505,2021 Q3
195,2021,4,GIWA,512.0,2021-10-01,498,14,2,5.9619025096,2021 Q4
196,2021,1,IGABI,100.0,2021-01-01,100,0,1,0.2263219136,2021 Q1
197,2021,2,IGABI,89.0,2021-04-01,89,0,1,0.1405883593,2021 Q2
198,2021,3,IGABI,109.0,2021-07-01,109,0,1,0.312409542,2021 Q3
199,2021,4,IGABI,191.0,2021-10-01,191,0,3,1.4302733167,2021 Q4
200,2021,1,IKARA,19.0,2021-01-01,19,0,1,0.0971839797,2021 Q1
201,2021,2,IKARA,26.0,2021-04-01,26,0,1,0.0624665345,2021 Q2
202,2021,3,IKARA,29.0,2021-07-01,29,0,1,0.0502446282,2021 Q3
203,2021,4,IKARA,36.0,2021-10-01,36,0,1,0.027926511,2021 Q4
204,2021,1,JABA,23.0,2021-01-01,23,0,1,0.07628264,2021 Q1
205,2021,2,JABA,24.0,2021-04-01,24,0,1,0.0715001382,2021 Q2
206,2021,3,JABA,25.0,2021-07-01,25,0,1,0.0668947697,2021 Q3
207,2021,4,JABA,18.0,2021-10-01,18,0,1,0.1028521477,2021 Q4
208,2021,1,JEMAA,61.0,2021-01-01,61,0,1,0.0190722523,2021 Q1
209,2021,2,JEMAA,90.0,2021-04-01,90,0,1,0.1474966525,2021 Q2
210,2021,3,JEMAA,119.0,2021-07-01,118,1,1,0.4229842773,2021 Q3
211,2021,4,JEMAA,132.0,2021-10-01,132,0,1,0.5975962977,2021 Q4
212,2021,1,KACHIA,176.0,2021-01-01,176,0,1,1.4042653818,2021 Q1
213,2021,2,KACHIA,259.0,2021-04-01,259,0,3,0.3527860375,2021 Q2
214,2021,3,KACHIA,213.0,2021-07-01,213,0,3,0.992045063,2021 Q3
215,2021,4,KACHIA,284.0,2021-10-01,284,0,3,0.1625684198,2021 Q4
216,2021,1,KADUNA NORTH,359.0,2021-01-01,356,3,3,0.2896499045,2021 Q1
217,2021,2,KADUNA NORTH,373.0,2021-04-01,370,3,3,0.4137173446,2021 Q2
218,2021,3,KADUNA NORTH,404.0,2021-07-01,402,2,3,0.7143313413,2021 Q3
219,2021,4,KADUNA NORTH,488.0,2021-10-01,487,1,3,2.6569683218,2021 Q4
220,2021,1,KADUNA SOUTH,292.0,2021-01-01,278,14,4,0.5393405012,2021 Q1
221,2021,2,KADUNA SOUTH,249.0,2021-04-01,239,10,4,0.9064136047,2021 Q2
222,2021,3,KADUNA SOUTH,253.0,2021-07-01,250,3,3,0.4768496582,2021 Q3
223,2021,4,KADUNA SOUTH,285.0,2021-10-01,278,7,3,1.5490510813,2021 Q4
224,2021,1,KAGARKO,20.0,2021-01-01,20,0,1,0.0916929449,2021 Q1
225,2021,2,KAGARKO,18.0,2021-04-01,18,0,1,0.1028521477,2021 Q2
226,2021,3,KAGARKO,32.0,2021-07-01,32,0,1,0.0396169213,2021 Q3
227,2021,4,KAGARKO,20.0,2021-10-01,20,0,1,0.0916929449,2021 Q4
228,2021,1,KAJURU,34.0,2021-01-01,34,0,1,0.0334174496,2021 Q1
229,2021,2,KAJURU,90.0,2021-04-01,90,0,1,0.1474966525,2021 Q2
230,2021,3,KAJURU,105.0,2021-07-01,105,0,1,0.2723770412,2021 Q3
231,2021,4,KAJURU,136.0,2021-10-01,136,0,1,0.6567591903,2021 Q4
232,2021,1,KAURA,40.0,2021-01-01,40,0,1,0.0190702328,2021 Q1
233,2021,2,KAURA,24.0,2021-04-01,24,0,1,0.0715001382,2021 Q2
234,2021,3,KAURA,12.0,2021-07-01,12,0,1,0.1405809545,2021 Q3
235,2021,4,KAURA,25.0,2021-10-01,25,0,1,0.0668947697,2021 Q4
236,2021,1,KAURU,113.0,2021-01-01,113,0,1,0.3552761749,2021 Q1
237,2021,2,KAURU,167.0,2021-04-01,167,0,1,1.2113663994,2021 Q2
238,2021,3,KAURU,199.0,2021-07-01,199,0,3,1.2609981256,2021 Q3
239,2021,4,KAURU,285.0,2021-10-01,285,0,3,0.1572624474,2021 Q4
240,2021,1,KUBAU,39.0,2021-01-01,39,0,1,0.0210186025,2021 Q1
241,2021,2,KUBAU,43.0,2021-04-01,43,0,1,0.0142879234,2021 Q2
242,2021,3,KUBAU,42.0,2021-07-01,42,0,1,0.0157048932,2021 Q3
243,2021,4,KUBAU,62.0,2021-10-01,62,0,1,0.0210208143,2021 Q4
244,2021,1,KUDAN,21.0,2021-01-01,20,1,1,0.093241849,2021 Q1
245,2021,2,KUDAN,23.0,2021-04-01,23,0,1,0.07628264,2021 Q2
246,2021,3,KUDAN,32.0,2021-07-01,32,0,1,0.0396169213,2021 Q3
247,2021,4,KUDAN,36.0,2021-10-01,36,0,1,0.027926511,2021 Q4
248,2021,1,LERE,49.0,2021-01-01,49,0,1,0.0095059024,2021 Q1
249,2021,2,LERE,57.0,2021-04-01,57,0,1,0.0130493369,2021 Q2
250,2021,3,LERE,44.0,2021-07-01,44,0,1,0.0130480867,2021 Q3
251,2021,4,LERE,58.0,2021-10-01,58,0,1,0.0142893659,2021 Q4
252,2021,1,MARKARFI,58.0,2021-01-01,58,0,1,0.0142893659,2021 Q1
253,2021,2,MARKARFI,60.0,2021-04-01,59,1,1,0.0206740643,2021 Q2
254,2021,3,MARKARFI,70.0,2021-07-01,70,0,1,0.0429861075,2021 Q3
255,2021,4,MARKARFI,91.0,2021-10-01,91,0,1,0.154582079,2021 Q4
256,2021,1,SABON GARI,66.0,2021-01-01,66,0,1,0.0305863948,2021 Q1
257,2021,2,SABON GARI,82.0,2021-04-01,82,0,1,0.0971900382,2021 Q2
258,2021,3,SABON GARI,107.0,2021-07-01,107,0,1,0.2920390251,2021 Q3
259,2021,4,SABON GARI,119.0,2021-10-01,119,0,1,0.4248901219,2021 Q4
260,2021,1,SANGA,28.0,2021-01-01,27,1,1,0.0603779372,2021 Q1
261,2021,2,SANGA,25.0,2021-04-01,25,0,1,0.0668947697,2021 Q2
262,2021,3,SANGA,22.0,2021-07-01,22,0,1,0.081242275,2021 Q3
263,2021,4,SANGA,20.0,2021-10-01,20,0,1,0.0916929449,2021 Q4
264,2021,1,SOBA,43.0,2021-01-01,43,0,1,0.0142879234,2021 Q1
265,2021,2,SOBA,55.0,2021-04-01,54,1,1,0.0149212996,2021 Q2
266,2021,3,SOBA,54.0,2021-07-01,54,0,1,0.0103920495,2021 Q3
267,2021,4,SOBA,45.0,2021-10-01,45,0,1,0.0119853833,2021 Q4
268,2021,1,ZANGON KATAF,56.0,2021-01-01,56,0,1,0.0119864412,2021 Q1
269,2021,2,ZANGON KATAF,62.0,2021-04-01,61,1,1,0.024215103,2021 Q2
270,2021,3,ZANGON KATAF,53.0,2021-07-01,52,1,1,0.0138601265,2021 Q3
271,2021,4,ZANGON KATAF,64.0,2021-10-01,63,1,1,0.0284646747,2021 Q4
272,2021,1,ZARIA,189.0,2021-01-01,174,15,4,0.0892766185,2021 Q1
273,2021,2,ZARIA,278.0,2021-04-01,253,25,4,5.611180569,2021 Q2
274,2021,3,ZARIA,357.0,2021-07-01,343,14,4,1.8109703241,2021 Q3
275,2021,4,ZARIA,430.0,2021-10-01,423,7,3,2.5638224496,2021 Q4
276,2022,1,BIRIN GWARI,120.0,2022-01-01,120,0,1,0.4371124128,2022 Q1
277,2022,2,BIRIN GWARI,109.0,2022-04-01,109,0,1,0.312409542,2022 Q2
278,2022,3,BIRIN GWARI,103.0,2022-07-01,103,0,1,0.2534235904,2022 Q3
279,2022,4,BIRIN GWARI,146.0,2022-10-01,146,0,1,0.8170657496,2022 Q4
280,2022,1,CHIKUN,319.0,2022-01-01,318,1,3,0.0064721668,2022 Q1
281,2022,2,CHIKUN,243.0,2022-04-01,243,0,3,0.5326250212,2022 Q2
282,2022,3,CHIKUN,376.0,2022-07-01,376,0,3,0.4158987762,2022 Q3
283,2022,4,CHIKUN,457.0,2022-10-01,457,0,3,1.8800237991,2022 Q4
284,2022,1,GIWA,523.0,2022-01-01,516,7,2,1.8689047854,2022 Q1
285,2022,2,GIWA,416.0,2022-04-01,390,26,4,9.7329779529,2022 Q2
286,2022,3,GIWA,572.0,2022-07-01,546,26,4,17.301147994,2022 Q3
287,2022,4,GIWA,577.0,2022-10-01,576,1,2,1.1283023096,2022 Q4
288,2022,1,IGABI,148.0,2022-01-01,148,0,1,0.8512526605,2022 Q1
289,2022,2,IGABI,153.0,2022-04-01,153,0,1,0.9398197699,2022 Q2
290,2022,3,IGABI,243.0,2022-07-01,243,0,3,0.5326250212,2022 Q3
291,2022,4,IGABI,252.0,2022-10-01,252,0,3,0.4258858953,2022 Q4
292,2022,1,IKARA,39.0,2022-01-01,38,1,1,0.0262708397,2022 Q1
293,2022,2,IKARA,40.0,2022-04-01,39,1,1,0.0242329941,2022 Q2
294,2022,3,IKARA,41.0,2022-07-01,41,0,1,0.0172989964,2022 Q3
295,2022,4,IKARA,59.0,2022-10-01,58,1,1,0.0191692449,2022 Q4
296,2022,1,JABA,35.0,2022-01-01,35,0,1,0.0305834137,2022 Q1
297,2022,2,JABA,20.0,2022-04-01,20,0,1,0.0916929449,2022 Q2
298,2022,3,JABA,48.0,2022-07-01,48,0,1,0.0098600728,2022 Q3
299,2022,4,JABA,66.0,2022-10-01,66,0,1,0.0305863948,2022 Q4
300,2022,1,JEMAA,129.0,2022-01-01,129,0,1,0.5550840275,2022 Q1
301,2022,2,JEMAA,158.0,2022-04-01,157,1,1,1.0274198011,2022 Q2
302,2022,3,JEMAA,269.0,2022-07-01,269,0,3,0.2634139962,2022 Q3
303,2022,4,JEMAA,384.0,2022-10-01,384,0,3,0.5087808056,2022 Q4
304,2022,1,KACHIA,363.0,2022-01-01,363,0,3,0.2891441679,2022 Q1
305,2022,2,KACHIA,383.0,2022-04-01,383,0,3,0.4965505855,2022 Q2
306,2022,3,KACHIA,496.0,2022-07-01,496,0,3,2.9994647058,2022 Q3
307,2022,4,KACHIA,495.0,2022-10-01,495,0,3,2.9673955609,2022 Q4
308,2022,1,KADUNA NORTH,637.0,2022-01-01,624,13,2,3.2310504087,2022 Q1
309,2022,2,KADUNA NORTH,717.0,2022-04-01,712,5,2,0.3267384009,2022 Q2
310,2022,3,KADUNA NORTH,721.0,2022-07-01,715,6,2,0.4450710405,2022 Q3
311,2022,4,KADUNA NORTH,1016.0,2022-10-01,1010,6,2,11.476388518,2022 Q4
312,2022,1,KADUNA SOUTH,324.0,2022-01-01,315,9,4,2.3279581665,2022 Q1
313,2022,2,KADUNA SOUTH,327.0,2022-04-01,319,8,3,2.0170029378,2022 Q2
314,2022,3,KADUNA SOUTH,378.0,2022-07-01,367,11,4,2.8783512796,2022 Q3
315,2022,4,KADUNA SOUTH,495.0,2022-10-01,487,8,2,2.8829821761,2022 Q4
316,2022,1,KAGARKO,35.0,2022-01-01,35,0,1,0.0305834137,2022 Q1
317,2022,2,KAGARKO,39.0,2022-04-01,39,0,1,0.0210186025,2022 Q2
318,2022,3,KAGARKO,73.0,2022-07-01,73,0,1,0.0541457912,2022 Q3
319,2022,4,KAGARKO,202.0,2022-10-01,202,0,3,1.2004426278,2022 Q4
320,2022,1,KAJURU,179.0,2022-01-01,179,0,1,1.4717534413,2022 Q1
321,2022,2,KAJURU,211.0,2022-04-01,211,0,3,1.02834133,2022 Q2
322,2022,3,KAJURU,253.0,2022-07-01,253,0,3,0.4149116587,2022 Q3
323,2022,4,KAJURU,283.0,2022-10-01,283,0,3,0.1680515254,2022 Q4
324,2022,1,KAURA,22.0,2022-01-01,22,0,1,0.081242275,2022 Q1
325,2022,2,KAURA,41.0,2022-04-01,41,0,1,0.0172989964,2022 Q2
326,2022,3,KAURA,43.0,2022-07-01,43,0,1,0.0142879234,2022 Q3
327,2022,4,KAURA,82.0,2022-10-01,82,0,1,0.0971900382,2022 Q4
328,2022,1,KAURU,397.0,2022-01-01,397,0,3,0.6838927931,2022 Q1
329,2022,2,KAURU,396.0,2022-04-01,396,0,3,0.6693598407,2022 Q2
330,2022,3,KAURU,544.0,2022-07-01,544,0,2,2.0423593632,2022 Q3
331,2022,4,KAURU,597.0,2022-10-01,597,0,2,1.2550677928,2022 Q4
332,2022,1,KUBAU,70.0,2022-01-01,70,0,1,0.0429861075,2022 Q1
333,2022,2,KUBAU,60.0,2022-04-01,60,0,1,0.0173008236,2022 Q2
334,2022,3,KUBAU,90.0,2022-07-01,90,0,1,0.1474966525,2022 Q3
335,2022,4,KUBAU,94.0,2022-10-01,93,1,1,0.1772322138,2022 Q4
336,2022,1,KUDAN,39.0,2022-01-01,39,0,1,0.0210186025,2022 Q1
337,2022,2,KUDAN,39.0,2022-04-01,39,0,1,0.0210186025,2022 Q2
338,2022,3,KUDAN,56.0,2022-07-01,56,0,1,0.0119864412,2022 Q3
339,2022,4,KUDAN,60.0,2022-10-01,60,0,1,0.0173008236,2022 Q4
340,2022,1,LERE,51.0,2022-01-01,50,1,1,0.0135074865,2022 Q1
341,2022,2,LERE,45.0,2022-04-01,45,0,1,0.0119853833,2022 Q2
342,2022,3,LERE,43.0,2022-07-01,43,0,1,0.0142879234,2022 Q3
343,2022,4,LERE,64.0,2022-10-01,64,0,1,0.025449338,2022 Q4
344,2022,1,MAKARFI,75.0,2022-01-01,75,0,1,0.0624712466,2022 Q1
345,2022,2,MAKARFI,83.0,2022-04-01,83,0,1,0.1028583986,2022 Q2
346,2022,3,MAKARFI,141.0,2022-07-01,141,0,1,0.7346983042,2022 Q3
347,2022,4,MAKARFI,152.0,2022-10-01,152,0,1,0.9217520815,2022 Q4
348,2022,1,SABON GARI,163.0,2022-01-01,163,0,1,1.1302389829,2022 Q1
349,2022,2,SABON GARI,204.0,2022-04-01,204,0,3,1.1609579621,2022 Q2
350,2022,3,SABON GARI,342.0,2022-07-01,342,0,3,0.1476232965,2022 Q3
351,2022,4,SABON GARI,348.0,2022-10-01,348,0,3,0.1800868346,2022 Q4
352,2022,1,SANGA,34.0,2022-01-01,34,0,1,0.0334174496,2022 Q1
353,2022,2,SANGA,36.0,2022-04-01,36,0,1,0.027926511,2022 Q2
354,2022,3,SANGA,24.0,2022-07-01,24,0,1,0.0715001382,2022 Q3
355,2022,4,SANGA,42.0,2022-10-01,42,0,1,0.0157048932,2022 Q4
356,2022,1,SOBA,48.0,2022-01-01,47,1,1,0.0143070258,2022 Q1
357,2022,2,SOBA,48.0,2022-04-01,47,1,1,0.0143070258,2022 Q2
358,2022,3,SOBA,73.0,2022-07-01,73,0,1,0.0541457912,2022 Q3
359,2022,4,SOBA,118.0,2022-10-01,118,0,1,0.4128449643,2022 Q4
360,2022,1,ZANGON KATAF,79.0,2022-01-01,79,0,1,0.0812477565,2022 Q1
361,2022,2,ZANGON KATAF,79.0,2022-04-01,79,0,1,0.0812477565,2022 Q2
362,2022,3,ZANGON KATAF,130.0,2022-07-01,129,1,1,0.5661875701,2022 Q3
363,2022,4,ZANGON KATAF,153.0,2022-10-01,153,0,1,0.9398197699,2022 Q4
364,2022,1,ZARIA,482.0,2022-01-01,467,15,4,6.3660766019,2022 Q1
365,2022,2,ZARIA,628.0,2022-04-01,628,0,2,1.0252039977,2022 Q2
366,2022,3,ZARIA,734.0,2022-07-01,734,0,2,1.5253826972,2022 Q3
367,2022,4,ZARIA,836.0,2022-10-01,836,0,2,3.8857163199,2022 Q4
